{"cameraMode":{"drawMode":0,"name":"Shaded","section":"Shading Mode"},"sceneLighting":true,"audioPlay":false,"sceneViewState":{"showFog":true,"showMaterialUpdate":false,"showSkybox":true,"showFlares":true,"showImageEffects":true,"showParticleSystems":true},"in2DMode":false,"pivot":{"x":1.9373221397399903,"y":13.263111114501954,"z":16.993824005126954},"rotation":{"x":-0.13610756397247315,"y":0.06296074390411377,"z":-0.008667778223752976,"w":-0.9886534214019775},"size":43.81550216674805,"orthographic":false}